[
    {
        "conversation": [
            {
                "input": "计算机中，浮点数的指数部分通常采用什么方式进行编码？",
                "output": "移码"
            }
        ]
    },
    {
        "conversation": [
            {
                "input": "哪种类型的存储器通常被用作计算机的主存储器？",
                "output": "SRAM"
            }
        ]
    },
    {
        "conversation": [
            {
                "input": "在计算机系统中，一个32位的指令长度意味着什么？",
                "output": "指令的长度是32位"
            }
        ]
    },
    {
        "conversation": [
            {
                "input": "冯·诺依曼体系结构中，程序和数据都存储在什么类型的存储器中？",
                "output": "RAM"
            }
        ]
    },
    {
        "conversation": [
            {
                "input": "在计算机系统中，一个指令周期通常由几个阶段组成？",
                "output": "3个"
            }
        ]
    },
    {
        "conversation": [
            {
                "input": "什么是衡量CPU性能的一个重要指标？",
                "output": "时钟频率、核心数、缓存大小。"
            }
        ]
    },
    {
        "conversation": [
            {
                "input": "在计算机系统中，中断的作用是什么？",
                "output": "提供实时处理能力"
            }
        ]
    },
    {
        "conversation": [
            {
                "input": "哪种类型的存储器是易失性的？",
                "output": "动态随机存取存储器（DRAM）"
            }
        ]
    },
    {
        "conversation": [
            {
                "input": "在计算机组成原理中，冯·诺依曼体系结构的特点是什么？",
                "output": "存储程序控制"
            }
        ]
    },
    {
        "conversation": [
            {
                "input": "在计算机系统中，流水线技术的主要目的是什么？",
                "output": "减少指令执行时间"
            }
        ]
    },
    {
        "conversation": [
            {
                "input": "线性表的顺序存储结构主要特点是：",
                "output": "需要连续的存储空间"
            }
        ]
    },
    {
        "conversation": [
            {
                "input": "在单链表中，删除一个节点的操作需要什么信息？",
                "output": "节点的前驱节点地址"
            }
        ]
    },
    {
        "conversation": [
            {
                "input": "栈（Stack）数据结构的特点是：",
                "output": "只能在一端进行插入和删除操作"
            }
        ]
    },
    {
        "conversation": [
            {
                "input": "快速排序算法的平均时间复杂度是：",
                "output": "O(nlogn)"
            }
        ]
    },
    {
        "conversation": [
            {
                "input": "哈希表（Hash Table）解决冲突的常用方法是：",
                "output": "链地址法、开放地址法和再散列法。"
            }
        ]
    },
    {
        "conversation": [
            {
                "input": "树（Tree）的根节点有几个子节点，这称为：",
                "output": "度数"
            }
        ]
    },
    {
        "conversation": [
            {
                "input": "在图的遍历中，广度优先搜索（BFS）使用的辅助数据结构是：",
                "output": "队列（Queue）"
            }
        ]
    },
    {
        "conversation": [
            {
                "input": "一个无向连通图的最小生成树算法是：",
                "output": "Kruskal算法"
            }
        ]
    },
    {
        "conversation": [
            {
                "input": "在二叉树中，若一个节点的右子树为空，则该节点的左子树：",
                "output": "可以为空，也可以不为空"
            }
        ]
    },
    {
        "conversation": [
            {
                "input": "顺序查找算法的时间复杂度通常是：",
                "output": "O(n)"
            }
        ]
    },
    {
        "conversation": [
            {
                "input": "操作系统中，进程和线程的主要区别是：",
                "output": "进程是资源分配的基本单位，线程是调度的基本单位"
            }
        ]
    },
    {
        "conversation": [
            {
                "input": "在操作系统中，死锁发生的必要条件之一是：",
                "output": "占有且等待条件"
            }
        ]
    },
    {
        "conversation": [
            {
                "input": "虚拟内存的主要作用是：",
                "output": "扩大物理内存容量"
            }
        ]
    },
    {
        "conversation": [
            {
                "input": "操作系统中，文件系统的主要功能是：",
                "output": "管理文件的存储和检索"
            }
        ]
    },
    {
        "conversation": [
            {
                "input": "哪种调度算法能够保证所有进程获得公平的CPU时间分配？",
                "output": "时间片轮转（RR）"
            }
        ]
    },
    {
        "conversation": [
            {
                "input": "在操作系统中，分页（Paging）和分段（Segmentation）两种内存管理方式的主要区别是：",
                "output": "分页有固定大小，分段大小不固定"
            }
        ]
    },
    {
        "conversation": [
            {
                "input": "操作系统中，中断处理的主要作用是：",
                "output": "提高系统响应速度"
            }
        ]
    },
    {
        "conversation": [
            {
                "input": "在操作系统中，同步机制的目的是：",
                "output": "保证多个进程协同工作"
            }
        ]
    },
    {
        "conversation": [
            {
                "input": "哪种设备不适合使用缓冲区（Buffer）技术？",
                "output": "鼠标"
            }
        ]
    },
    {
        "conversation": [
            {
                "input": "在操作系统中，虚拟设备是指：",
                "output": "通过软件模拟的设备"
            }
        ]
    },
    {
        "conversation": [
            {
                "input": "计算机网络中，OSI参考模型的最低层是：",
                "output": "物理层"
            }
        ]
    },
    {
        "conversation": [
            {
                "input": "在TCP/IP协议族中，负责路由选择的协议位于哪一层？",
                "output": "网络层"
            }
        ]
    },
    {
        "conversation": [
            {
                "input": "哪种协议不是应用层协议？",
                "output": "ICMP"
            }
        ]
    },
    {
        "conversation": [
            {
                "input": "在网络通信中，三次握手协议主要用于建立什么类型的连接？",
                "output": "双向连接"
            }
        ]
    },
    {
        "conversation": [
            {
                "input": "哪个网络设备主要用于划分广播域？",
                "output": "路由器"
            }
        ]
    },
    {
        "conversation": [
            {
                "input": "哪种攻击方式可以利用IP地址和MAC地址的不匹配来截获网络数据？",
                "output": "ARP欺骗"
            }
        ]
    },
    {
        "conversation": [
            {
                "input": "在TCP连接中，SYN和ACK标志位主要用于什么目的？",
                "output": "建立连接"
            }
        ]
    },
    {
        "conversation": [
            {
                "input": "哪个协议用于在IP网络中传输多媒体数据？",
                "output": "RTP"
            }
        ]
    },
    {
        "conversation": [
            {
                "input": "哪种网络拓扑结构的优点是简单、易于管理和扩展？",
                "output": "星形拓扑"
            }
        ]
    },
    {
        "conversation": [
            {
                "input": "在网络通信中，DNS的主要作用是什么？",
                "output": "将域名转换为IP地址"
            }
        ]
    },
    
    {
        "conversation": [
            {
                "input": "计算机系统中，CPU的主要功能是什么？",
                "output": "数据计算"
            }
        ]
    },
    {
        "conversation": [
            {
                "input": "在计算机系统中，什么负责存储操作系统、程序和数据？",
                "output": "内存"
            }
        ]
    },
    {
        "conversation": [
            {
                "input": "计算机的外设通常指的是什么？",
                "output": "显示器和键盘"
            }
        ]
    },
    {
        "conversation": [
            {
                "input": "计算机的总线是用于什么？",
                "output": "数据传输"
            }
        ]
    },
    {
        "conversation": [
            {
                "input": "在计算机系统中，什么决定了计算机执行指令的速度？",
                "output": "CPU时钟频率"
            }
        ]
    },
    {
        "conversation": [
            {
                "input": "计算机的硬件主要包括哪些部分？",
                "output": "控制器、运算器、存储器和输入输出设备"
            }
        ]
    },
    {
        "conversation": [
            {
                "input": "在计算机系统中，二进制的主要作用是什么？",
                "output": "存储和处理数据"
            }
        ]
    },
    {
        "conversation": [
            {
                "input": "计算机的启动过程中，首先运行的程序是什么？",
                "output": "BIOS/UEFI固件"
            }
        ]
    },
    {
        "conversation": [
            {
                "input": "线程与进程的主要区别是什么？",
                "output": "线程是进程的一部分"
            }
        ]
    },
    {
        "conversation": [
            {
                "input": "在多线程程序中，全局变量通常存储在哪个内存区域？",
                "output": "数据段"
            }
        ]
    },
    {
        "conversation": [
            {
                "input": "在现代操作系统中，进程通常是如何创建的？",
                "output": "系统调用"
            }
        ]
    },
    {
        "conversation": [
            {
                "input": "虚拟内存的主要目的是什么？",
                "output": "提供更大的地址空间"
            }
        ]
    },
    {
        "conversation": [
            {
                "input": "分页和分段是操作系统中哪部分的两种主要技术？",
                "output": "内存管理"
            }
        ]
    },
    {
        "conversation": [
            {
                "input": "在请求分页系统中，页面置换算法的作用是什么？",
                "output": "减少I/O操作"
            }
        ]
    },
    {
        "conversation": [
            {
                "input": "动态分区分配的主要问题是什么？",
                "output": "内存碎片"
            }
        ]
    },
    {
        "conversation": [
            {
                "input": "哪个算法用于确定内存分区的大小？",
                "output": "最佳适应性"
            }
        ]
    },
    {
        "conversation": [
            {
                "input": "什么是内存泄漏？",
                "output": "内存使用量不断增加"
            }
        ]
    },
    {
        "conversation": [
            {
                "input": "操作系统中，堆和栈的区别是什么？",
                "output": "堆用于动态内存分配，栈用于静态内存分配"
            }
        ]
    },
    {
        "conversation": [
            {
                "input": "虚拟地址空间对于操作系统的意义是什么？",
                "output": "允许每个进程有自己的内存空间"
            }
        ]
    },
    {
        "conversation": [
            {
                "input": "在文件系统中，目录（或文件夹）的作用是什么？",
                "output": "组织和管理文件"
            }
        ]
    },
    {
        "conversation": [
            {
                "input": "哪种文件系统结构允许文件快照？",
                "output": "链接分配"
            }
        ]
    },
    {
        "conversation": [
            {
                "input": "树状目录结构的特点是什么？",
                "output": "每个文件只能有一个父目录"
            }
        ]
    },
    {
        "conversation": [
            {
                "input": "文件的存取权限通常包括哪些？",
                "output": "读取、修改、执行"
            }
        ]
    },
    {
        "conversation": [
            {
                "input": "操作系统中，日志文件的作用是什么？",
                "output": "记录系统操作事件的记录文件或文件集合，可分为事件日志和消息日志。 具有处理历史数据、诊断问题的追踪以及理解系统的活动等重要作用。"
            }
        ]
    },
    {
        "conversation": [
            {
                "input": "哪种文件系统分配策略可以减少磁盘碎片？",
                "output": "动态分配"
            }
        ]
    },
    {
        "conversation": [
            {
                "input": "I/O设备驱动程序的主要功能是什么？",
                "output": "控制硬件设备"
            }
        ]
    },
    {
        "conversation": [
            {
                "input": "在I/O操作中，缓冲的作用是什么？",
                "output": "提高数据传输速度"
            }
        ]
    },
    {
        "conversation": [
            {
                "input": "哪种I/O控制方式允许多个I/O请求同时处理？",
                "output": "直接内存访问（DMA）"
            }
        ]
    },
    {
        "conversation": [
            {
                "input": "在操作系统中，I/O子系统中的设备独立性层的作用是什么？",
                "output": "提供统一的I/O接口"
            }
        ]
    },
    {
        "conversation": [
            {
                "input": "哪个I/O模型用于异步I/O操作？",
                "output": "I/O多路复用"
            }
        ]
    },
    {
        "conversation": [
            {
                "input": "操作系统中的设备管理主要包括哪些方面？",
                "output": "是完成用户的I/O请求，方便用户使用各种设备，并提高设备的利用率， 主要包括缓冲管理、设备分配、设备处理和虚拟设备等功能。"
            }
        ]
    },
    {
        "conversation": [
            {
                "input": "在I/O系统中，SCSI和SATA是什么？",
                "output": "总线标准"
            }
        ]
    },
    {
        "conversation": [
            {
                "input": "磁盘调度的主要目标是什么？",
                "output": "减少寻道时间"
            }
        ]
    },
        {
        "conversation": [
            {
                "input": "计算机系统的组成主要包括哪两部分？",
                "output": "硬件系统和软件系统"
            }
        ]
    },
    {
        "conversation": [
            {
                "input": "冯·诺依曼计算机体系结构的主要特点是什么？",
                "output": "采用二进制, 存储程序原理, 高速缓存技术"
            }
        ]
    },
    {
        "conversation": [
            {
                "input": "在计算机系统中，硬件主要负责哪些功能？",
                "output": "数据的存储和处理"
            }
        ]
    },
    {
        "conversation": [
            {
                "input": "软件的主要功能是什么？",
                "output": "实现计算机的硬件控制, 提供用户界面, 执行算法和数据处理"
            }
        ]
    },
    {
        "conversation": [
            {
                "input": "计算机的性能主要取决于哪些部件？",
                "output": "中央处理器, 存储器, 输入/输出设备"
            }
        ]
    },
    {
        "conversation": [
            {
                "input": "计算机的总线按功能可以分为哪几类？",
                "output": "数据总线, 地址总线, 控制总线"
            }
        ]
    },
    {
        "conversation": [
            {
                "input": "计算机系统的层次结构包括哪些？",
                "output": "应用层, 操作系统层, 硬件层"
            }
        ]
    },
    {
        "conversation": [
            {
                "input": "计算机的启动过程通常包括哪些步骤？",
                "output": "加电, BIOS启动, 操作系统加载"
            }
        ]
    },
    {
        "conversation": [
            {
                "input": "计算机的输入设备主要包括哪些？",
                "output": "键盘, 鼠标, 扫描仪"
            }
        ]
    },
    {
        "conversation": [
            {
                "input": "计算机的输出设备主要包括哪些？",
                "output": "显示器, 打印机, 音响"
            }
        ]
    },
    {
        "conversation": [
            {
                "input": "在计算机中，数据的表示通常采用什么进制？",
                "output": "二进制"
            }
        ]
    },
    {
        "conversation": [
            {
                "input": "计算机中的定点数和浮点数有何不同？",
                "output": "定点数的小数点位置固定，浮点数的小数点位置可以移动"
            }
        ]
    },
    {
        "conversation": [
            {
                "input": "计算机中的原码、反码和补码是什么？",
                "output": "三种不同的数据表示形式"
            }
        ]
    },
    {
        "conversation": [
            {
                "input": "二进制数的算术运算包括哪些？",
                "output": "加法, 减法, 乘法"
            }
        ]
    },
    {
        "conversation": [
            {
                "input": "逻辑运算有哪些基本类型？",
                "output": "AND, OR, NOT"
            }
        ]
    },
    {
        "conversation": [
            {
                "input": "计算机中的整数溢出和浮点数溢出分别指什么？",
                "output": "整数运算结果超出整数表示范围"
            }
        ]
    },
    {
        "conversation": [
            {
                "input": "ASCII码和Unicode码分别用于表示什么？",
                "output": "ASCII码用于表示字符, Unicode码用于表示字符"
            }
        ]
    },
    {
        "conversation": [
            {
                "input": "计算机中的定点运算和浮点运算有何不同？",
                "output": "定点运算速度比浮点运算快"
            }
        ]
    },
    {
        "conversation": [
            {
                "input": "计算机中的补码运算规则是什么？",
                "output": "负数的补码是其反码加1"
            }
        ]
    },
    {
        "conversation": [
            {
                "input": "计算机中的浮点数舍入方式有哪些？",
                "output": "四舍五入, 向上舍入, 向下舍入"
            }
        ]
    },
    {
        "conversation": [
            {
                "input": "计算机的存储系统通常包括哪些部分？",
                "output": "高速缓存, 主存储器, 辅助存储器"
            }
        ]
    },
    {
        "conversation": [
            {
                "input": "主存储器和辅助存储器的主要区别是什么？",
                "output": "主存储器的访问速度比辅助存储器快, 主存储器是易失性存储器，辅助存储器是非易失性存储器"
            }
        ]
    },
    {
        "conversation": [
            {
                "input": "计算机的三级存储体系结构包括哪些？",
                "output": "高速缓存、主存储器、辅助存储器"
            }
        ]
    },
    {
        "conversation": [
            {
                "input": "计算机中的易失性存储器和非易失性存储器的区别是什么？",
                "output": "易失性存储器在断电后会丢失数据，非易失性存储器不会"
            }
        ]
    },
    {
        "conversation": [
            {
                "input": "计算机的虚拟存储技术主要利用了什么原理？",
                "output": "时间局部性原理和空间局部性原理"
            }
        ]
    },
    {
        "conversation": [
            {
                "input": "计算机的高速缓存技术主要解决了什么问题？",
                "output": "主存储器的访问速度问题"
            }
        ]
    },
    {
        "conversation": [
            {
                "input": "计算机的存储器的层次结构是怎样的？",
                "output": "高速缓存 > 主存储器 > 辅助存储器"
            }
        ]
    },
    {
        "conversation": [
            {
                "input": "计算机的存储器的性能主要取决于哪些因素？",
                "output": "访问速度"
            }
        ]
    },
    {
        "conversation": [
            {
                "input": "计算机的主存储器通常采用什么类型的存储器？",
                "output": "随机访问存储器（RAM）"
            }
        ]
    },
    {
        "conversation": [
            {
                "input": "计算机的辅助存储器通常采用什么类型的存储器？",
                "output": "硬盘存储器"
            }
        ]
    },
    {
        "conversation": [
            {
                "input": "计算机的输入/输出系统的主要功能是什么？",
                "output": "实现计算机与外部设备的数据交换"
            }
        ]
    },
    {
        "conversation": [
            {
                "input": "计算机的输入/输出设备主要包括哪些？",
                "output": "键盘, 鼠标, 显示器"
            }
        ]
    },
    {
        "conversation": [
            {
                "input": "计算机的输入/输出端口主要包括哪些？",
                "output": "串行端口, 并行端口, USB端口"
            }
        ]
    },
    {
        "conversation": [
            {
                "input": "计算机的输入/输出控制方式有哪些？",
                "output": "程序查询方式, 中断驱动方式, DMA方式"
            }
        ]
    },
    {
        "conversation": [
            {
                "input": "计算机的中断技术的主要优点是什么？",
                "output": "提高了CPU的利用率"
            }
        ]
    },
    {
        "conversation": [
            {
                "input": "计算机的DMA技术的主要优点是什么？",
                "output": "提高了输入/输出设备的处理速度"
            }
        ]
    },
    {
        "conversation": [
            {
                "input": "计算机的输入/输出设备驱动程序的主要功能是什么？",
                "output": "控制输入/输出设备的工作, 实现设备无关性, 实现数据缓冲"
            }
        ]
    },
    {
        "conversation": [
            {
                "input": "计算机的输入/输出设备的状态通常包括哪些？",
                "output": "就绪状态, 忙碌状态, 错误状态"
            }
        ]
    },
    {
        "conversation": [
            {
                "input": "计算机的输入/输出设备的传输方式有哪些？",
                "output": "同步传输"
            }
        ]
    },
    {
        "conversation": [
            {
                "input": "计算机的输入/输出设备的接口通常包括哪些？",
                "output": "机械接口, 电气接口, 功能接口"
            }
        ]
    },
    {
        "conversation": [
            {
                "input": "计算机系统的组成主要包括哪两部分？",
                "output": "硬件系统和软件系统"
            }
        ]
    },
    {
        "conversation": [
            {
                "input": "冯·诺依曼计算机体系结构的主要特点是什么？",
                "output": "采用二进制, 存储程序原理, 高速缓存技术"
            }
        ]
    },
    {
        "conversation": [
            {
                "input": "在计算机系统中，硬件主要负责哪些功能？",
                "output": "数据的存储和处理"
            }
        ]
    },
    {
        "conversation": [
            {
                "input": "软件的主要功能是什么？",
                "output": "实现计算机的硬件控制, 提供用户界面, 执行算法和数据处理"
            }
        ]
    },
    {
        "conversation": [
            {
                "input": "计算机的性能主要取决于哪些部件？",
                "output": "中央处理器, 存储器, 输入/输出设备"
            }
        ]
    },
    {
        "conversation": [
            {
                "input": "计算机的总线按功能可以分为哪几类？",
                "output": "数据总线, 地址总线, 控制总线"
            }
        ]
    },
    {
        "conversation": [
            {
                "input": "计算机系统的层次结构包括哪些？",
                "output": "应用层, 操作系统层, 硬件层"
            }
        ]
    },
    {
        "conversation": [
            {
                "input": "计算机的启动过程通常包括哪些步骤？",
                "output": "加电, BIOS启动, 操作系统加载"
            }
        ]
    },
    {
        "conversation": [
            {
                "input": "计算机的输入设备主要包括哪些？",
                "output": "键盘, 鼠标, 扫描仪"
            }
        ]
    },
    {
        "conversation": [
            {
                "input": "计算机的输出设备主要包括哪些？",
                "output": "显示器, 打印机, 音响"
            }
        ]
    },
    {
        "conversation": [
            {
                "input": "在计算机中，数据的表示通常采用什么进制？",
                "output": "二进制"
            }
        ]
    },
    {
        "conversation": [
            {
                "input": "计算机中的定点数和浮点数有何不同？",
                "output": "定点数的小数点位置固定，浮点数的小数点位置可以移动"
            }
        ]
    },
    {
        "conversation": [
            {
                "input": "计算机中的原码、反码和补码是什么？",
                "output": "三种不同的数据表示形式"
            }
        ]
    },
    {
        "conversation": [
            {
                "input": "二进制数的算术运算包括哪些？",
                "output": "加法, 减法, 乘法"
            }
        ]
    },
    {
        "conversation": [
            {
                "input": "逻辑运算有哪些基本类型？",
                "output": "AND, OR, NOT"
            }
        ]
    },
    {
        "conversation": [
            {
                "input": "计算机中的整数溢出和浮点数溢出分别指什么？",
                "output": "整数运算结果超出整数表示范围"
            }
        ]
    },
    {
        "conversation": [
            {
                "input": "ASCII码和Unicode码分别用于表示什么？",
                "output": "ASCII码和Unicode码都用于表示字符"
            }
        ]
    },
    {
        "conversation": [
            {
                "input": "计算机中的定点运算和浮点运算有何不同？",
                "output": "定点运算速度比浮点运算快"
            }
        ]
    },
    {
        "conversation": [
            {
                "input": "计算机中的补码运算规则是什么？",
                "output": "负数的补码是其反码加1"
            }
        ]
    },
    {
        "conversation": [
            {
                "input": "计算机中的浮点数舍入方式有哪些？",
                "output": "四舍五入, 向上舍入, 向下舍入"
            }
        ]
    },
     {
        "conversation": [
            {
                "input": "计算机的存储系统通常包括哪些部分？",
                "output": "高速缓存, 主存储器, 辅助存储器"
            }
        ]
    },
    {
        "conversation": [
            {
                "input": "主存储器和辅助存储器的主要区别是什么？",
                "output": "主存储器的访问速度比辅助存储器快, 主存储器是易失性存储器，辅助存储器是非易失性存储器"
            }
        ]
    },
    {
        "conversation": [
            {
                "input": "计算机的三级存储体系结构包括哪些？",
                "output": "高速缓存、主存储器、辅助存储器"
            }
        ]
    },
    {
        "conversation": [
            {
                "input": "计算机中的易失性存储器和非易失性存储器的区别是什么？",
                "output": "易失性存储器在断电后会丢失数据，非易失性存储器不会"
            }
        ]
    },
    {
        "conversation": [
            {
                "input": "计算机的虚拟存储技术主要利用了什么原理？",
                "output": "时间局部性原理和空间局部性原理"
            }
        ]
    },
    {
        "conversation": [
            {
                "input": "计算机的高速缓存技术主要解决了什么问题？",
                "output": "主存储器的访问速度问题"
            }
        ]
    },
    {
        "conversation": [
            {
                "input": "计算机的存储器的层次结构是怎样的？",
                "output": "高速缓存 > 主存储器 > 辅助存储器"
            }
        ]
    },
    {
        "conversation": [
            {
                "input": "计算机的存储器的性能主要取决于哪些因素？",
                "output": "访问速度"
            }
        ]
    },
    {
        "conversation": [
            {
                "input": "计算机的主存储器通常采用什么类型的存储器？",
                "output": "随机访问存储器（RAM）"
            }
        ]
    },
    {
        "conversation": [
            {
                "input": "计算机的辅助存储器通常采用什么类型的存储器？",
                "output": "硬盘存储器"
            }
        ]
    },
    {
        "conversation": [
            {
                "input": "计算机的输入/输出系统的主要功能是什么？",
                "output": "实现计算机与外部设备的数据交换"
            }
        ]
    },
    {
        "conversation": [
            {
                "input": "计算机的输入/输出设备主要包括哪些？",
                "output": "键盘, 鼠标, 显示器"
            }
        ]
    },
    {
        "conversation": [
            {
                "input": "计算机的输入/输出端口主要包括哪些？",
                "output": "串行端口, 并行端口, USB端口"
            }
        ]
    },
    {
        "conversation": [
            {
                "input": "计算机的输入/输出控制方式有哪些？",
                "output": "程序查询方式, 中断驱动方式, DMA方式"
            }
        ]
    },
    {
        "conversation": [
            {
                "input": "计算机的中断技术的主要优点是什么？",
                "output": "提高了CPU的利用率"
            }
        ]
    },
    {
        "conversation": [
            {
                "input": "计算机的DMA技术的主要优点是什么？",
                "output": "提高了输入/输出设备的处理速度"
            }
        ]
    },
    {
        "conversation": [
            {
                "input": "计算机的输入/输出设备驱动程序的主要功能是什么？",
                "output": "控制输入/输出设备的工作, 实现设备无关性, 实现数据缓冲"
            }
        ]
    },
    {
        "conversation": [
            {
                "input": "计算机的输入/输出设备的状态通常包括哪些？",
                "output": "就绪状态, 忙碌状态, 错误状态"
            }
        ]
    },
    {
        "conversation": [
            {
                "input": "计算机的输入/输出设备的传输方式有哪些？",
                "output": "同步传输"
            }
        ]
    },
    {
        "conversation": [
            {
                "input": "计算机的输入/输出设备的接口通常包括哪些？",
                "output": "机械接口, 电气接口, 功能接口"
            }
        ]
    },
{
        "conversation": [
            {
                "input": "数据结构研究的内容包括哪些？",
                "output": "数据逻辑结构, 数据存储结构, 数据操作"
            }
        ]
    },
    {
        "conversation": [
            {
                "input": "算法的时间复杂度是指什么？",
                "output": "算法执行时各语句的执行次数"
            }
        ]
    },
    {
        "conversation": [
            {
                "input": "在数据结构中，'N'通常表示什么？",
                "output": "节点数"
            }
        ]
    },
    {
        "conversation": [
            {
                "input": "哪种数据结构可以表示具有多个前驱和多个后继的元素？",
                "output": "图"
            }
        ]
    },
    {
        "conversation": [
            {
                "input": "算法的空间复杂度是指什么？",
                "output": "算法执行时所需内存的大小"
            }
        ]
    },
    {
        "conversation": [
            {
                "input": "在数据结构中，'递归'是什么？",
                "output": "一个函数直接或间接地调用自己"
            }
        ]
    },
    {
        "conversation": [
            {
                "input": "哪种数据结构可以表示具有严格线性顺序的元素？",
                "output": "线性表"
            }
        ]
    },
    {
        "conversation": [
            {
                "input": "算法的效率通常由什么决定？",
                "output": "算法的时间复杂度和空间复杂度"
            }
        ]
    },
    {
        "conversation": [
            {
                "input": "在数据结构中，'静态结构'和'动态结构'的区别是什么？",
                "output": "静态结构是不变的，动态结构可以改变"
            }
        ]
    },
    {
        "conversation": [
            {
                "input": "哪种数据结构可以表示具有层次关系的元素？",
                "output": "树"
            }
        ]
    },
    {
        "conversation": [
            {
                "input": "线性表的特点是？",
                "output": "元素具有线性关系"
            }
        ]
    },
    {
        "conversation": [
            {
                "input": "在线性表中，'顺序存储结构'使用什么实现？",
                "output": "数组"
            }
        ]
    },
    {
        "conversation": [
            {
                "input": "线性表的'链式存储结构'使用的是？",
                "output": "链表"
            }
        ]
    },
    {
        "conversation": [
            {
                "input": "单链表中的'头指针'是什么？",
                "output": "指向链表第一个节点的指针"
            }
        ]
    },
    {
        "conversation": [
            {
                "input": "在单链表中，每个节点包含什么？",
                "output": "数据和指向下一个节点的指针"
            }
        ]
    },
    {
        "conversation": [
            {
                "input": "双向链表与单链表的主要区别是？",
                "output": "双向链表的节点包含两个指针"
            }
        ]
    },
    {
        "conversation": [
            {
                "input": "循环链表与单链表的主要区别是？",
                "output": "循环链表的最后一个节点指向第一个节点"
            }
        ]
    },
    {
        "conversation": [
            {
                "input": "在线性表中，'静态'和'动态'的区别是什么？",
                "output": "静态表的大小是固定的，动态表的大小可以改变"
            }
        ]
    },
    {
        "conversation": [
            {
                "input": "线性表的'插入'操作通常在哪些位置进行？",
                "output": "可以在任意位置"
            }
        ]
    },
    {
        "conversation": [
            {
                "input": "线性表的'删除'操作通常在哪些位置进行？",
                "output": "可以在任意位置"
            }
        ]
    },
    {
        "conversation": [
            {
                "input": "栈的基本操作有哪些？",
                "output": "入栈和出栈"
            }
        ]
    },
    {
        "conversation": [
            {
                "input": "栈的后进先出（LIFO）原则指的是什么？",
                "output": "最后一个进入的元素最先出栈"
            }
        ]
    },
    {
        "conversation": [
            {
                "input": "队列的基本操作有哪些？",
                "output": "入队和出队"
            }
        ]
    },
    {
        "conversation": [
            {
                "input": "队列的先进先出（FIFO）原则指的是什么？",
                "output": "最先进入的元素最先出队"
            }
        ]
    },
    {
        "conversation": [
            {
                "input": "循环队列解决什么问题？",
                "output": "解决了队列的静态分配问题"
            }
        ]
    },
    {
        "conversation": [
            {
                "input": "栈的存储结构通常使用什么实现？",
                "output": "数组"
            }
        ]
    },
    {
        "conversation": [
            {
                "input": "队列的存储结构通常使用什么实现？",
                "output": "链表"
            }
        ]
    },
    {
        "conversation": [
            {
                "input": "栈可以用来解决哪些问题？",
                "output": "数制转换, 函数调用的实现, 表达式求值"
            }
        ]
    },
    {
        "conversation": [
            {
                "input": "队列可以用来解决哪些问题？",
                "output": "广度优先搜索, 打印二叉树的所有层次, 模拟现实世界中的排队问题"
            }
        ]
    },
    {
        "conversation": [
            {
                "input": "双端队列的特点是什么？",
                "output": "两端都可以进行入队和出队操作"
            }
        ]
    },
    {
        "conversation": [
            {
                "input": "字符串的长度指的是什么？",
                "output": "字符串中字符的数量"
            }
        ]
    },
    {
        "conversation": [
            {
                "input": "字符串的模式匹配问题是什么？",
                "output": "在一个字符串中查找另一个字符串的位置"
            }
        ]
    },
    {
        "conversation": [
            {
                "input": "KMP算法主要解决什么问题？",
                "output": "字符串的查找问题"
            }
        ]
    },
    {
        "conversation": [
            {
                "input": "字符串的哈希表解决什么问题？",
                "output": "字符串的查找问题"
            }
        ]
    },
    {
        "conversation": [
            {
                "input": "字符串的倒置操作是什么？",
                "output": "将字符串中的字符顺序颠倒"
            }
        ]
    },
    {
        "conversation": [
            {
                "input": "字符串的连接操作是什么？",
                "output": "将两个字符串合并为一个字符串"
            }
        ]
    },
    {
        "conversation": [
            {
                "input": "字符串的子串问题是什么？",
                "output": "找出字符串中最长的不重复字符子串, 找出字符串中最长的重复字符子串, 找出字符串中最长的回文子串"
            }
        ]
    },
    {
        "conversation": [
            {
                "input": "字符串的模式匹配中，'坏字符规则'是什么？",
                "output": "用来判断匹配失败后，模式字符串应该向右移动的距离"
            }
        ]
    },
    {
        "conversation": [
            {
                "input": "字符串的模式匹配中，'好子串规则'是什么？",
                "output": "用来判断匹配失败后，模式字符串应该向右移动的距离"
            }
        ]
    },
    {
        "conversation": [
            {
                "input": "字符串的模式匹配中，BM算法（Boyer-Moore算法）的主要思想是什么？",
                "output": "利用已经匹配的字符信息，一次性跳过多个字符"
            }
        ]
    },
    {
        "conversation": [
            {
                "input": "树中的'根节点'指的是什么？",
                "output": "树中最高的节点"
            }
        ]
    },
    {
        "conversation": [
            {
                "input": "树中的'叶子节点'指的是什么？",
                "output": "树中没有子节点的节点"
            }
        ]
    },
    {
        "conversation": [
            {
                "input": "树中的'父节点'和'子节点'是什么关系？",
                "output": "父节点是子节点的直接上级"
            }
        ]
    },
    {
        "conversation": [
            {
                "input": "树的'深度'指的是什么？",
                "output": "树中最长的路径长度"
            }
        ]
    },
    {
        "conversation": [
            {
                "input": "树的'高度'指的是什么？",
                "output": "树中最长的路径长度"
            }
        ]
    },
    {
        "conversation": [
            {
                "input": "什么是二叉树？",
                "output": "每个节点最多有两个子节点的树"
            }
        ]
    },
    {
        "conversation": [
            {
                "input": "在二叉树中，'完全二叉树'的定义是什么？",
                "output": "所有叶子节点都在最后一层，并且从左到右依次排列"
            }
        ]
    },
    {
        "conversation": [
            {
                "input": "在二叉树中，'平衡二叉树'的定义是什么？",
                "output": "所有叶子节点的深度相差不超过1"
            }
        ]
    },
    {
        "conversation": [
            {
                "input": "在二叉树中，'满二叉树'的定义是什么？",
                "output": "所有节点都有两个子节点"
            }
        ]
    },
    {
        "conversation": [
            {
                "input": "什么是二叉搜索树（BST）？",
                "output": "左子树上所有节点的值小于它的根节点的值，右子树上所有节点的值大于它的根节点的值"
            }
        ]
    },
    {
        "conversation": [
            {
                "input": "图是由什么组成的？",
                "output": "顶点和边"
            }
        ]
    },
    {
        "conversation": [
            {
                "input": "在图的遍历中，'深度优先搜索'是什么？",
                "output": "从图中的一个顶点开始，先对一个顶点的所有邻接点进行深度优先遍历，然后再回溯"
            }
        ]
    },
    {
        "conversation": [
            {
                "input": "在图的遍历中，'广度优先搜索'是什么？",
                "output": "从图中的一个顶点开始，先对一个顶点的所有邻接点进行广度优先遍历，然后再回溯"
            }
        ]
    },
    {
        "conversation": [
            {
                "input": "在图的表示中，'邻接矩阵'是什么？",
                "output": "一个矩阵，其元素表示顶点之间的连接关系"
            }
        ]
    },
    {
        "conversation": [
            {
                "input": "在图的表示中，'邻接表'是什么？",
                "output": "一个列表，其元素表示顶点之间的连接关系"
            }
        ]
    },
    {
        "conversation": [
            {
                "input": "什么是'有向图'？",
                "output": "图中的边具有方向"
            }
        ]
    },
    {
        "conversation": [
            {
                "input": "什么是'无向图'？",
                "output": "图中的边没有方向"
            }
        ]
    },
    {
        "conversation": [
            {
                "input": "在图的遍历中，'连通图'是什么？",
                "output": "从图中的任意顶点出发，都能访问到所有其他顶点"
            }
        ]
    },
    {
        "conversation": [
            {
                "input": "在图的遍历中，'强连通分量'是什么？",
                "output": "图中每个顶点都能互相到达的子图"
            }
        ]
    },
    {
        "conversation": [
            {
                "input": "在图的最短路径问题中，Dijkstra算法适用于哪种图？",
                "output": "有权图"
            }
        ]
    },
    {
        "conversation": [
            {
                "input": "顺序查找法的时间复杂度是多少？",
                "output": "O(n)"
            }
        ]
    },
    {
        "conversation": [
            {
                "input": "二分查找法适用于哪种数据结构？",
                "output": "有序数组"
            }
        ]
    },
    {
        "conversation": [
            {
                "input": "哈希查找法的平均时间复杂度是多少？",
                "output": "O(1)"
            }
        ]
    },
    {
        "conversation": [
            {
                "input": "在哈希表中，如何解决冲突？",
                "output": "链地址法, 开放寻址法, 再哈希法"
            }
        ]
    },
    {
        "conversation": [
            {
                "input": "什么是B树？",
                "output": "一种多路平衡查找树"
            }
        ]
    },
    {
        "conversation": [
            {
                "input": "什么是B+树？",
                "output": "一种多路平衡查找树，所有键值都存储在叶子节点上"
            }
        ]
    },
    {
        "conversation": [
            {
                "input": "什么是堆？",
                "output": "一种特殊的数组"
            }
        ]
    },
    {
        "conversation": [
            {
                "input": "在堆中，最大堆和最小堆的区别是什么？",
                "output": "最大堆中每个节点的值都大于其子节点的值，最小堆中每个节点的值都小于其子节点的值"
            }
        ]
    },
    {
        "conversation": [
            {
                "input": "什么是二分查找法？",
                "output": "从有序数组中间开始，每次比较中间元素，将搜索范围缩小一半"
            }
        ]
    },
    {
        "conversation": [
            {
                "input": "什么是斐波那契查找法？",
                "output": "从有序数组中间开始，每次比较中间元素，将搜索范围缩小为黄金分割比例"
            }
        ]
    },
    {
        "conversation": [
            {
                "input": "选择排序的工作原理是什么？",
                "output": "每次从待排序序列中找到最大（或最小）元素，存放到序列的开始位置"
            }
        ]
    },
    {
        "conversation": [
            {
                "input": "插入排序的工作原理是什么？",
                "output": "逐个将待排序序列中的元素插入到已排序序列中的适当位置"
            }
        ]
    },
    {
        "conversation": [
            {
                "input": "冒泡排序的工作原理是什么？",
                "output": "相邻元素两两比较，根据比较结果调整元素顺序，重复这一过程直到无元素需要交换"
            }
        ]
    },
    {
        "conversation": [
            {
                "input": "归并排序的工作原理是什么？",
                "output": "将待排序序列分割成多个子序列，对子序列进行排序，然后将有序子序列合并为一个有序序列"
            }
        ]
    },
    {
        "conversation": [
            {
                "input": "快速排序的工作原理是什么？",
                "output": "选择一个元素作为'基准'，根据基准将待排序序列分为两部分，一部分数据比基准值小，另一部分数据比基准值大，然后递归地对这两部分继续进行快速排序操作"
            }
        ]
    },
    {
        "conversation": [
            {
                "input": "堆排序的工作原理是什么？",
                "output": "将待排序序列构建成一个大顶堆，然后依次从堆中取出最大元素，保持取出元素后序列的有序性"
            }
        ]
    },
    {
        "conversation": [
            {
                "input": "希尔排序是哪种排序算法的改进？",
                "output": "插入排序"
            }
        ]
    },
    {
        "conversation": [
            {
                "input": "什么是基数排序？",
                "output": "根据元素在特定数位上的数值进行排序"
            }
        ]
    },
    {
        "conversation": [
            {
                "input": "什么是桶排序？",
                "output": "将待排序序列分割成多个子序列，每个子序列作为一个桶，对每个桶内的元素进行排序，然后将有序桶合并为一个有序序列"
            }
        ]
    },
    {
        "conversation": [
            {
                "input": "什么是计数排序？",
                "output": "通过维护一个计数数组，来记录每个元素出现的次数，从而得到元素的排序"
            }
        ]
    },
    {
        "conversation": [
            {
                "input": "请做一下自我介绍",
                "output": "你好,我是考研408计算机学科专业基础综合的小助手哦"
            }
        ]
    },
    {
        "conversation": [
            {
                "input": "请做一下自我介绍",
                "output": "你好,我是考研408计算机学科专业基础综合的小助手哦"
            }
        ]
    },
    {
        "conversation": [
            {
                "input": "请做一下自我介绍",
                "output": "你好,我是考研408计算机学科专业基础综合的小助手哦"
            }
        ]
    },
    {
        "conversation": [
            {
                "input": "请做一下自我介绍",
                "output": "你好,我是考研408计算机学科专业基础综合的小助手哦"
            }
        ]
    },
    {
        "conversation": [
            {
                "input": "请做一下自我介绍",
                "output": "你好,我是考研408计算机学科专业基础综合的小助手哦"
            }
        ]
    },
    {
        "conversation": [
            {
                "input": "请做一下自我介绍",
                "output": "你好,我是考研408计算机学科专业基础综合的小助手哦"
            }
        ]
    },
    {
        "conversation": [
            {
                "input": "请做一下自我介绍",
                "output": "你好,我是考研408计算机学科专业基础综合的小助手哦"
            }
        ]
    },
    {
        "conversation": [
            {
                "input": "请做一下自我介绍",
                "output": "你好,我是考研408计算机学科专业基础综合的小助手哦"
            }
        ]
    },
    {
        "conversation": [
            {
                "input": "请做一下自我介绍",
                "output": "你好,我是考研408计算机学科专业基础综合的小助手哦"
            }
        ]
    },
    {
        "conversation": [
            {
                "input": "请做一下自我介绍",
                "output": "你好,我是考研408计算机学科专业基础综合的小助手哦"
            }
        ]
    },
    {
        "conversation": [
            {
                "input": "请做一下自我介绍",
                "output": "你好,我是考研408计算机学科专业基础综合的小助手哦"
            }
        ]
    },
    {
        "conversation": [
            {
                "input": "请做一下自我介绍",
                "output": "你好,我是考研408计算机学科专业基础综合的小助手哦"
            }
        ]
    },
    {
        "conversation": [
            {
                "input": "请做一下自我介绍",
                "output": "你好,我是考研408计算机学科专业基础综合的小助手哦"
            }
        ]
    },
    {
        "conversation": [
            {
                "input": "请做一下自我介绍",
                "output": "你好,我是考研408计算机学科专业基础综合的小助手哦"
            }
        ]
    },
    {
        "conversation": [
            {
                "input": "请做一下自我介绍",
                "output": "你好,我是考研408计算机学科专业基础综合的小助手哦"
            }
        ]
    },
    {
        "conversation": [
            {
                "input": "请做一下自我介绍",
                "output": "你好,我是考研408计算机学科专业基础综合的小助手哦"
            }
        ]
    },
    {
        "conversation": [
            {
                "input": "请做一下自我介绍",
                "output": "你好,我是考研408计算机学科专业基础综合的小助手哦"
            }
        ]
    },
    {
        "conversation": [
            {
                "input": "请做一下自我介绍",
                "output": "你好,我是考研408计算机学科专业基础综合的小助手哦"
            }
        ]
    },
    {
        "conversation": [
            {
                "input": "请做一下自我介绍",
                "output": "你好,我是考研408计算机学科专业基础综合的小助手哦"
            }
        ]
    },
    {
        "conversation": [
            {
                "input": "请做一下自我介绍",
                "output": "你好,我是考研408计算机学科专业基础综合的小助手哦"
            }
        ]
    },
    {
        "conversation": [
            {
                "input": "请做一下自我介绍",
                "output": "你好,我是考研408计算机学科专业基础综合的小助手哦"
            }
        ]
    },
    {
        "conversation": [
            {
                "input": "请做一下自我介绍",
                "output": "你好,我是考研408计算机学科专业基础综合的小助手哦"
            }
        ]
    },
    {
        "conversation": [
            {
                "input": "请做一下自我介绍",
                "output": "你好,我是考研408计算机学科专业基础综合的小助手哦"
            }
        ]
    },
    {
        "conversation": [
            {
                "input": "请做一下自我介绍",
                "output": "你好,我是考研408计算机学科专业基础综合的小助手哦"
            }
        ]
    },
    {
        "conversation": [
            {
                "input": "请做一下自我介绍",
                "output": "你好,我是考研408计算机学科专业基础综合的小助手哦"
            }
        ]
    },
    {
        "conversation": [
            {
                "input": "请做一下自我介绍",
                "output": "你好,我是考研408计算机学科专业基础综合的小助手哦"
            }
        ]
    },
    {
        "conversation": [
            {
                "input": "请做一下自我介绍",
                "output": "你好,我是考研408计算机学科专业基础综合的小助手哦"
            }
        ]
    },
    {
        "conversation": [
            {
                "input": "请做一下自我介绍",
                "output": "你好,我是考研408计算机学科专业基础综合的小助手哦"
            }
        ]
    },
    {
        "conversation": [
            {
                "input": "请做一下自我介绍",
                "output": "你好,我是考研408计算机学科专业基础综合的小助手哦"
            }
        ]
    },
    {
        "conversation": [
            {
                "input": "请做一下自我介绍",
                "output": "你好,我是考研408计算机学科专业基础综合的小助手哦"
            }
        ]
    },
    {
        "conversation": [
            {
                "input": "请做一下自我介绍",
                "output": "你好,我是考研408计算机学科专业基础综合的小助手哦"
            }
        ]
    },
    {
        "conversation": [
            {
                "input": "请做一下自我介绍",
                "output": "你好,我是考研408计算机学科专业基础综合的小助手哦"
            }
        ]
    },
    {
        "conversation": [
            {
                "input": "请做一下自我介绍",
                "output": "你好,我是考研408计算机学科专业基础综合的小助手哦"
            }
        ]
    },
    {
        "conversation": [
            {
                "input": "请做一下自我介绍",
                "output": "你好,我是考研408计算机学科专业基础综合的小助手哦"
            }
        ]
    },
    {
        "conversation": [
            {
                "input": "请做一下自我介绍",
                "output": "你好,我是考研408计算机学科专业基础综合的小助手哦"
            }
        ]
    },
    {
        "conversation": [
            {
                "input": "请做一下自我介绍",
                "output": "你好,我是考研408计算机学科专业基础综合的小助手哦"
            }
        ]
    },
    {
        "conversation": [
            {
                "input": "请做一下自我介绍",
                "output": "你好,我是考研408计算机学科专业基础综合的小助手哦"
            }
        ]
    },
    {
        "conversation": [
            {
                "input": "请做一下自我介绍",
                "output": "你好,我是考研408计算机学科专业基础综合的小助手哦"
            }
        ]
    },
    {
        "conversation": [
            {
                "input": "请做一下自我介绍",
                "output": "你好,我是考研408计算机学科专业基础综合的小助手哦"
            }
        ]
    },
    {
        "conversation": [
            {
                "input": "请做一下自我介绍",
                "output": "你好,我是考研408计算机学科专业基础综合的小助手哦"
            }
        ]
    },
    {
        "conversation": [
            {
                "input": "请做一下自我介绍",
                "output": "你好,我是考研408计算机学科专业基础综合的小助手哦"
            }
        ]
    },
    {
        "conversation": [
            {
                "input": "请做一下自我介绍",
                "output": "你好,我是考研408计算机学科专业基础综合的小助手哦"
            }
        ]
    },
    {
        "conversation": [
            {
                "input": "请做一下自我介绍",
                "output": "你好,我是考研408计算机学科专业基础综合的小助手哦"
            }
        ]
    },
    {
        "conversation": [
            {
                "input": "请做一下自我介绍",
                "output": "你好,我是考研408计算机学科专业基础综合的小助手哦"
            }
        ]
    },
    {
        "conversation": [
            {
                "input": "请做一下自我介绍",
                "output": "你好,我是考研408计算机学科专业基础综合的小助手哦"
            }
        ]
    },
    {
        "conversation": [
            {
                "input": "请做一下自我介绍",
                "output": "你好,我是考研408计算机学科专业基础综合的小助手哦"
            }
        ]
    },
    {
        "conversation": [
            {
                "input": "请做一下自我介绍",
                "output": "你好,我是考研408计算机学科专业基础综合的小助手哦"
            }
        ]
    },
    {
        "conversation": [
            {
                "input": "请做一下自我介绍",
                "output": "你好,我是考研408计算机学科专业基础综合的小助手哦"
            }
        ]
    },
    {
        "conversation": [
            {
                "input": "请做一下自我介绍",
                "output": "你好,我是考研408计算机学科专业基础综合的小助手哦"
            }
        ]
    },
    {
        "conversation": [
            {
                "input": "请做一下自我介绍",
                "output": "你好,我是考研408计算机学科专业基础综合的小助手哦"
            }
        ]
    },
    {
        "conversation": [
            {
                "input": "请做一下自我介绍",
                "output": "你好,我是考研408计算机学科专业基础综合的小助手哦"
            }
        ]
    },
    {
        "conversation": [
            {
                "input": "请做一下自我介绍",
                "output": "你好,我是考研408计算机学科专业基础综合的小助手哦"
            }
        ]
    },
    {
        "conversation": [
            {
                "input": "请做一下自我介绍",
                "output": "你好,我是考研408计算机学科专业基础综合的小助手哦"
            }
        ]
    },
    {
        "conversation": [
            {
                "input": "请做一下自我介绍",
                "output": "你好,我是考研408计算机学科专业基础综合的小助手哦"
            }
        ]
    },
    {
        "conversation": [
            {
                "input": "请做一下自我介绍",
                "output": "你好,我是考研408计算机学科专业基础综合的小助手哦"
            }
        ]
    },
    {
        "conversation": [
            {
                "input": "请做一下自我介绍",
                "output": "你好,我是考研408计算机学科专业基础综合的小助手哦"
            }
        ]
    },
    {
        "conversation": [
            {
                "input": "请做一下自我介绍",
                "output": "你好,我是考研408计算机学科专业基础综合的小助手哦"
            }
        ]
    },
    {
        "conversation": [
            {
                "input": "请做一下自我介绍",
                "output": "你好,我是考研408计算机学科专业基础综合的小助手哦"
            }
        ]
    },
    {
        "conversation": [
            {
                "input": "请做一下自我介绍",
                "output": "你好,我是考研408计算机学科专业基础综合的小助手哦"
            }
        ]
    },
    {
        "conversation": [
            {
                "input": "请做一下自我介绍",
                "output": "你好,我是考研408计算机学科专业基础综合的小助手哦"
            }
        ]
    },
    {
        "conversation": [
            {
                "input": "请做一下自我介绍",
                "output": "你好,我是考研408计算机学科专业基础综合的小助手哦"
            }
        ]
    },
    {
        "conversation": [
            {
                "input": "请做一下自我介绍",
                "output": "你好,我是考研408计算机学科专业基础综合的小助手哦"
            }
        ]
    },
    {
        "conversation": [
            {
                "input": "请做一下自我介绍",
                "output": "你好,我是考研408计算机学科专业基础综合的小助手哦"
            }
        ]
    },
    {
        "conversation": [
            {
                "input": "请做一下自我介绍",
                "output": "你好,我是考研408计算机学科专业基础综合的小助手哦"
            }
        ]
    },
    {
        "conversation": [
            {
                "input": "请做一下自我介绍",
                "output": "你好,我是考研408计算机学科专业基础综合的小助手哦"
            }
        ]
    },
    {
        "conversation": [
            {
                "input": "请做一下自我介绍",
                "output": "你好,我是考研408计算机学科专业基础综合的小助手哦"
            }
        ]
    },
    {
        "conversation": [
            {
                "input": "请做一下自我介绍",
                "output": "你好,我是考研408计算机学科专业基础综合的小助手哦"
            }
        ]
    },
    {
        "conversation": [
            {
                "input": "请做一下自我介绍",
                "output": "你好,我是考研408计算机学科专业基础综合的小助手哦"
            }
        ]
    },
    {
        "conversation": [
            {
                "input": "请做一下自我介绍",
                "output": "你好,我是考研408计算机学科专业基础综合的小助手哦"
            }
        ]
    },
    {
        "conversation": [
            {
                "input": "请做一下自我介绍",
                "output": "你好,我是考研408计算机学科专业基础综合的小助手哦"
            }
        ]
    },
    {
        "conversation": [
            {
                "input": "请做一下自我介绍",
                "output": "你好,我是考研408计算机学科专业基础综合的小助手哦"
            }
        ]
    },
    {
        "conversation": [
            {
                "input": "请做一下自我介绍",
                "output": "你好,我是考研408计算机学科专业基础综合的小助手哦"
            }
        ]
    },
    {
        "conversation": [
            {
                "input": "请做一下自我介绍",
                "output": "你好,我是考研408计算机学科专业基础综合的小助手哦"
            }
        ]
    },
    {
        "conversation": [
            {
                "input": "请做一下自我介绍",
                "output": "你好,我是考研408计算机学科专业基础综合的小助手哦"
            }
        ]
    },
    {
        "conversation": [
            {
                "input": "请做一下自我介绍",
                "output": "你好,我是考研408计算机学科专业基础综合的小助手哦"
            }
        ]
    },
    {
        "conversation": [
            {
                "input": "请做一下自我介绍",
                "output": "你好,我是考研408计算机学科专业基础综合的小助手哦"
            }
        ]
    },
    {
        "conversation": [
            {
                "input": "请做一下自我介绍",
                "output": "你好,我是考研408计算机学科专业基础综合的小助手哦"
            }
        ]
    },
    {
        "conversation": [
            {
                "input": "请做一下自我介绍",
                "output": "你好,我是考研408计算机学科专业基础综合的小助手哦"
            }
        ]
    },
    {
        "conversation": [
            {
                "input": "请做一下自我介绍",
                "output": "你好,我是考研408计算机学科专业基础综合的小助手哦"
            }
        ]
    },
    {
        "conversation": [
            {
                "input": "请做一下自我介绍",
                "output": "你好,我是考研408计算机学科专业基础综合的小助手哦"
            }
        ]
    },
    {
        "conversation": [
            {
                "input": "请做一下自我介绍",
                "output": "你好,我是考研408计算机学科专业基础综合的小助手哦"
            }
        ]
    },
    {
        "conversation": [
            {
                "input": "请做一下自我介绍",
                "output": "你好,我是考研408计算机学科专业基础综合的小助手哦"
            }
        ]
    },
    {
        "conversation": [
            {
                "input": "请做一下自我介绍",
                "output": "你好,我是考研408计算机学科专业基础综合的小助手哦"
            }
        ]
    },
    {
        "conversation": [
            {
                "input": "请做一下自我介绍",
                "output": "你好,我是考研408计算机学科专业基础综合的小助手哦"
            }
        ]
    },
    {
        "conversation": [
            {
                "input": "请做一下自我介绍",
                "output": "你好,我是考研408计算机学科专业基础综合的小助手哦"
            }
        ]
    },
    {
        "conversation": [
            {
                "input": "请做一下自我介绍",
                "output": "你好,我是考研408计算机学科专业基础综合的小助手哦"
            }
        ]
    },
    {
        "conversation": [
            {
                "input": "请做一下自我介绍",
                "output": "你好,我是考研408计算机学科专业基础综合的小助手哦"
            }
        ]
    },
    {
        "conversation": [
            {
                "input": "请做一下自我介绍",
                "output": "你好,我是考研408计算机学科专业基础综合的小助手哦"
            }
        ]
    },
    {
        "conversation": [
            {
                "input": "请做一下自我介绍",
                "output": "你好,我是考研408计算机学科专业基础综合的小助手哦"
            }
        ]
    },
    {
        "conversation": [
            {
                "input": "请做一下自我介绍",
                "output": "你好,我是考研408计算机学科专业基础综合的小助手哦"
            }
        ]
    },
    {
        "conversation": [
            {
                "input": "请做一下自我介绍",
                "output": "你好,我是考研408计算机学科专业基础综合的小助手哦"
            }
        ]
    },
    {
        "conversation": [
            {
                "input": "请做一下自我介绍",
                "output": "你好,我是考研408计算机学科专业基础综合的小助手哦"
            }
        ]
    },
    {
        "conversation": [
            {
                "input": "请做一下自我介绍",
                "output": "你好,我是考研408计算机学科专业基础综合的小助手哦"
            }
        ]
    },
    {
        "conversation": [
            {
                "input": "请做一下自我介绍",
                "output": "你好,我是考研408计算机学科专业基础综合的小助手哦"
            }
        ]
    },
    {
        "conversation": [
            {
                "input": "请做一下自我介绍",
                "output": "你好,我是考研408计算机学科专业基础综合的小助手哦"
            }
        ]
    },
    {
        "conversation": [
            {
                "input": "请做一下自我介绍",
                "output": "你好,我是考研408计算机学科专业基础综合的小助手哦"
            }
        ]
    },
    {
        "conversation": [
            {
                "input": "请做一下自我介绍",
                "output": "你好,我是考研408计算机学科专业基础综合的小助手哦"
            }
        ]
    },
    {
        "conversation": [
            {
                "input": "请做一下自我介绍",
                "output": "你好,我是考研408计算机学科专业基础综合的小助手哦"
            }
        ]
    },
    {
        "conversation": [
            {
                "input": "请做一下自我介绍",
                "output": "你好,我是考研408计算机学科专业基础综合的小助手哦"
            }
        ]
    },
    {
        "conversation": [
            {
                "input": "请做一下自我介绍",
                "output": "你好,我是考研408计算机学科专业基础综合的小助手哦"
            }
        ]
    },
    {
        "conversation": [
            {
                "input": "请做一下自我介绍",
                "output": "你好,我是考研408计算机学科专业基础综合的小助手哦"
            }
        ]
    },
    {
        "conversation": [
            {
                "input": "请做一下自我介绍",
                "output": "你好,我是考研408计算机学科专业基础综合的小助手哦"
            }
        ]
    },
    {
        "conversation": [
            {
                "input": "请做一下自我介绍",
                "output": "你好,我是考研408计算机学科专业基础综合的小助手哦"
            }
        ]
    },
    {
        "conversation": [
            {
                "input": "请做一下自我介绍",
                "output": "你好,我是考研408计算机学科专业基础综合的小助手哦"
            }
        ]
    },
    {
        "conversation": [
            {
                "input": "请做一下自我介绍",
                "output": "你好,我是考研408计算机学科专业基础综合的小助手哦"
            }
        ]
    },
    {
        "conversation": [
            {
                "input": "请做一下自我介绍",
                "output": "你好,我是考研408计算机学科专业基础综合的小助手哦"
            }
        ]
    },
    {
        "conversation": [
            {
                "input": "请做一下自我介绍",
                "output": "你好,我是考研408计算机学科专业基础综合的小助手哦"
            }
        ]
    },
    {
        "conversation": [
            {
                "input": "请做一下自我介绍",
                "output": "你好,我是考研408计算机学科专业基础综合的小助手哦"
            }
        ]
    },
    {
        "conversation": [
            {
                "input": "请做一下自我介绍",
                "output": "你好,我是考研408计算机学科专业基础综合的小助手哦"
            }
        ]
    },
    {
        "conversation": [
            {
                "input": "请做一下自我介绍",
                "output": "你好,我是考研408计算机学科专业基础综合的小助手哦"
            }
        ]
    },
    {
        "conversation": [
            {
                "input": "请做一下自我介绍",
                "output": "你好,我是考研408计算机学科专业基础综合的小助手哦"
            }
        ]
    },
    {
        "conversation": [
            {
                "input": "请做一下自我介绍",
                "output": "你好,我是考研408计算机学科专业基础综合的小助手哦"
            }
        ]
    },
    {
        "conversation": [
            {
                "input": "请做一下自我介绍",
                "output": "你好,我是考研408计算机学科专业基础综合的小助手哦"
            }
        ]
    },
    {
        "conversation": [
            {
                "input": "请做一下自我介绍",
                "output": "你好,我是考研408计算机学科专业基础综合的小助手哦"
            }
        ]
    },
    {
        "conversation": [
            {
                "input": "请做一下自我介绍",
                "output": "你好,我是考研408计算机学科专业基础综合的小助手哦"
            }
        ]
    },
    {
        "conversation": [
            {
                "input": "请做一下自我介绍",
                "output": "你好,我是考研408计算机学科专业基础综合的小助手哦"
            }
        ]
    },
    {
        "conversation": [
            {
                "input": "请做一下自我介绍",
                "output": "你好,我是考研408计算机学科专业基础综合的小助手哦"
            }
        ]
    },
    {
        "conversation": [
            {
                "input": "请做一下自我介绍",
                "output": "你好,我是考研408计算机学科专业基础综合的小助手哦"
            }
        ]
    },
    {
        "conversation": [
            {
                "input": "请做一下自我介绍",
                "output": "你好,我是考研408计算机学科专业基础综合的小助手哦"
            }
        ]
    },
    {
        "conversation": [
            {
                "input": "请做一下自我介绍",
                "output": "你好,我是考研408计算机学科专业基础综合的小助手哦"
            }
        ]
    },
    {
        "conversation": [
            {
                "input": "请做一下自我介绍",
                "output": "你好,我是考研408计算机学科专业基础综合的小助手哦"
            }
        ]
    },
    {
        "conversation": [
            {
                "input": "请做一下自我介绍",
                "output": "你好,我是考研408计算机学科专业基础综合的小助手哦"
            }
        ]
    },
    {
        "conversation": [
            {
                "input": "请做一下自我介绍",
                "output": "你好,我是考研408计算机学科专业基础综合的小助手哦"
            }
        ]
    },
    {
        "conversation": [
            {
                "input": "请做一下自我介绍",
                "output": "你好,我是考研408计算机学科专业基础综合的小助手哦"
            }
        ]
    },
    {
        "conversation": [
            {
                "input": "请做一下自我介绍",
                "output": "你好,我是考研408计算机学科专业基础综合的小助手哦"
            }
        ]
    },
    {
        "conversation": [
            {
                "input": "请做一下自我介绍",
                "output": "你好,我是考研408计算机学科专业基础综合的小助手哦"
            }
        ]
    },
    {
        "conversation": [
            {
                "input": "请做一下自我介绍",
                "output": "你好,我是考研408计算机学科专业基础综合的小助手哦"
            }
        ]
    },
    {
        "conversation": [
            {
                "input": "请做一下自我介绍",
                "output": "你好,我是考研408计算机学科专业基础综合的小助手哦"
            }
        ]
    },
    {
        "conversation": [
            {
                "input": "请做一下自我介绍",
                "output": "你好,我是考研408计算机学科专业基础综合的小助手哦"
            }
        ]
    },
    {
        "conversation": [
            {
                "input": "请做一下自我介绍",
                "output": "你好,我是考研408计算机学科专业基础综合的小助手哦"
            }
        ]
    }
]